driverId,name,ssn,location,certified,wage-plan
10,Ashley Gilbert,015-60-5948,"903 Pamela Trail Apt. 603
Lake Laura, TN 76358",N,miles
11,Patrick Kidd,676-05-2891,"PSC 2419, Box 3788
APO AA 54510",Y,miles
12,Timothy Nelson,202-77-1758,"966 Webb Views
Kleinmouth, NV 73691",Y,hours
13,Kelly Adams,240-60-9503,"6276 Timothy Walk Apt. 272
Callahanbury, NV 34613",Y,hours
14,Catherine Thomas,192-91-9198,"202 Ronald Lane
Lake April, ME 27509",N,hours
15,Kimberly Simmons,136-72-7646,"Unit 1248 Box 9667
DPO AP 05200",N,hours
16,Kim Cunningham,552-88-1601,"Unit 3025 Box 1448
DPO AE 34315",Y,hours
17,Dr. David Smith,812-32-5964,"461 Ricardo Pine Suite 590
Port Cassandraborough, GU 46316",N,hours
18,Dylan Webb,117-85-0179,"25009 Aguilar Curve Apt. 668
Gouldburgh, NY 97766",N,miles
19,Brandi Rogers,128-37-9370,"752 Tracey Club
Cookville, DC 43864",Y,miles
20,Edward Allen,776-61-0372,"Unit 8205 Box 6606
DPO AE 81484",Y,miles
21,John Young,687-06-8167,"51660 Teresa Views
Lake Timothy, FM 72838",Y,miles
22,John Phelps,515-42-9703,"133 Howell Vista Apt. 413
South Reginaville, OH 58715",Y,hours
23,Tyler Smith,244-20-7802,"4116 Tracy Bypass Suite 695
Bateshaven, OR 40375",Y,miles
24,Anna Walsh,276-54-5402,"416 Michael Ford Suite 755
South Lisabury, GA 27118",Y,miles
25,Emily Nichols,080-89-5437,"Unit 1999 Box 4817
DPO AE 07209",N,hours
26,Tiffany Leach,137-30-2300,"Unit 3745 Box 6033
DPO AE 31529",Y,miles
27,Robert Carroll,158-98-6910,"4358 Laura Turnpike
Millerside, VA 19446",Y,hours
28,Mrs. Maria Hansen MD,058-15-0304,"33186 Curtis Key Suite 318
Victorburgh, WV 10418",N,hours
29,Patricia Horn,852-14-7909,"768 Shaw Grove
West Carlosburgh, IN 84309",Y,miles
30,Peter Jenkins,674-18-7071,"3640 Rodney Forge Apt. 438
Rodriguezville, NY 03045",Y,miles
31,Sheila Forbes,243-37-2943,"1096 Hamilton Gateway Suite 884
Schultzfort, VI 76144",N,miles
32,Grace Johnson,362-73-0789,"390 Fox Harbor
South Brendanberg, PR 69343",Y,miles
33,Angela Vargas,305-32-8903,"71193 James Trail Apt. 045
Shellyshire, MA 96621",N,hours
34,Richard Daniels,518-99-8932,"9043 Matthew Club Apt. 563
Garciaview, ME 59099",Y,miles
35,Michelle Braun,241-28-0689,"269 Holt Underpass
Youngtown, DE 35023",Y,miles
36,Nathan Riley,690-66-4892,"3426 Melissa Rest Suite 191
Port Nathanshire, IN 63707",Y,hours
37,Jessica Garrett,808-83-2701,"80720 Powell Burg
New Frankstad, VI 21690",Y,hours
38,Lindsey Wilkerson,146-75-7861,"70154 Paul Well
Sarahland, AL 88806",N,miles
39,Richard Patterson,460-36-4021,"12888 Walls Divide Suite 371
Port Saramouth, VI 53779",N,miles
40,Jessica Morales,737-43-7425,"96526 Jamie Lights Apt. 741
North Danielle, AL 72821",Y,miles
41,Michael Kane,282-94-0196,"Unit 0266 Box 0337
DPO AP 56826",N,miles
42,Samantha Juarez,862-87-1145,"4853 Danny Harbors
Crystalhaven, VT 96642",Y,hours
43,Justin Wilson,019-37-5751,"26681 Gonzales Spurs
East Lisaland, KY 71582",Y,hours
44,Stephen Kerr,349-58-3011,"2207 Amber Underpass
Davidhaven, SD 26497",Y,hours
45,Adam Peterson,858-97-5876,"26967 Jeffrey Mount
Littleville, IA 16301",Y,hours
46,Troy Rodriguez,226-37-5890,"03571 Torres Crescent Apt. 101
Angelaborough, NV 51994",Y,hours
47,Kaylee Hunter,474-03-9629,"955 Michael Camp Apt. 898
Lake Richard, MP 04446",Y,hours
48,Kathleen Lee,317-52-2986,"080 Dana Squares
Christopherburgh, VT 00636",N,miles
49,Brittany Rose,553-06-5083,"24282 Lee Gateway Apt. 899
Thomasville, WV 25206",N,hours
50,Valerie Humphrey,273-05-3575,"1109 Johnson Skyway
Lake Timothyshire, SD 98860",Y,miles
51,Vicki Warner,699-71-4749,"76911 Regina Forest Suite 496
Ramireztown, KY 94978",Y,hours
52,Kristine Rubio,300-25-7934,"978 Debra Club
Joshuafort, PR 32904",N,hours
53,Kimberly Espinoza,422-52-4765,"2543 Mcdonald Creek
Lake Rebeccaberg, MD 50053",N,miles
54,Karen Small,115-11-0608,"429 Mark Groves Suite 677
Katherineport, DC 68865",Y,hours
55,Timothy Kim,330-80-8491,"3618 Victoria Isle Suite 809
West Evanchester, NE 74699",Y,hours
56,Ruth Curtis,215-32-0730,"292 Price Ramp Suite 803
West Michaelborough, CO 75248",N,miles
57,Joseph Riley,783-89-4784,"36763 Edward Knolls
East David, NC 50475",N,hours
58,Mary Caldwell,661-98-7887,"09949 Wood Highway Suite 010
Ericshire, UT 35673",N,hours
59,Eric Mills,753-48-2909,"7771 Michelle Crossroad
Andrewshire, AR 23000",N,hours
60,Isaac Hill,210-48-3182,"2577 Michael Road Apt. 206
South Sarah, NC 96986",N,miles
61,Christopher Reynolds,338-71-6969,"60149 Matthew Harbors Apt. 350
Kingport, MP 98540",Y,hours
62,David Brown,622-73-6877,"14294 Mark Divide
New Mackenzieberg, PW 15598",N,hours
63,Nicholas Houston,465-79-4632,"359 Bender Overpass Apt. 432
North Christian, GU 08946",N,miles
64,Charles Johnson,801-48-4759,"21812 Kara Curve
Jessetown, FL 29032",Y,miles
65,Brandi Dunn,782-23-5309,"8689 Janice Village Suite 853
Port Paulview, IN 91676",N,miles
66,Patricia Aguilar,488-08-5756,"65807 Sparks Hollow
South Lisa, OK 72085",Y,hours
67,Samantha Fitzgerald,322-03-0697,"297 Tammy Corner Apt. 088
Johnmouth, NY 12032",N,hours
68,Megan Sparks,793-19-8588,"27333 Parker Loop
Rodgersfurt, NJ 29311",N,miles
69,Stephen Young,866-11-7640,"5028 Saunders Summit Apt. 468
Ianfort, SC 04004",Y,miles
70,Sophia Pacheco,050-82-6448,"87305 Robertson Stravenue
Port Linda, RI 66957",N,hours
71,Robert Lawrence,690-18-5699,"47996 Walter Manors Apt. 362
Wallaceland, VI 82889",N,hours
72,Jeffrey Calhoun,454-85-3685,"038 Erin Mission Apt. 759
South Joshuafurt, NV 19781",N,hours
73,Kristin Wright,791-18-9116,"Unit 1977 Box 8526
DPO AA 88859",N,hours
74,Daniel Horton,751-35-0649,"136 Fernandez Run
Sanchezhaven, WI 01460",Y,hours
75,Michael Reeves,032-31-3329,"77214 Deborah Trail
Noahhaven, VA 48283",N,miles
76,Bob Johnston,298-57-4175,"8531 Li Hills
West Amandaborough, NM 65280",Y,miles
77,Nancy Kaufman,398-85-6610,"2823 Sutton Mill Suite 742
Port Jacob, MS 09918",N,hours
78,Jessica Sloan,075-85-9525,"93106 Frederick Knolls
North Anthony, WV 19197",Y,miles
79,Daniel Johnson,348-64-1042,"0678 Gibson Creek Suite 053
Jessetown, MN 13728",Y,miles
80,David Pruitt,048-79-5847,"9616 Wang Trafficway
Lake Vanessaland, MD 49186",Y,miles
81,Karla Duncan,081-83-6480,"Unit 2882 Box 0147
DPO AP 14723",Y,miles
82,Stephen Hanson,126-65-6320,"85300 Edward Park
Hamiltonfurt, LA 83508",N,hours
83,Stacy Salazar,480-68-9892,"90555 Jerry Forge Suite 021
East Desireeland, WA 17458",Y,hours
84,Robert Velasquez,590-54-7458,"775 Micheal Ports Apt. 217
Woodburgh, OK 93882",Y,miles
85,Mary Bradley,202-75-6813,"2546 Susan Drive
Barbarashire, TX 98699",N,hours
86,Stephen Irwin,530-15-0369,"17085 Amanda Forks
Lake Anthony, MD 04722",N,hours
87,Amber Monroe,843-64-6091,"162 Ramos Groves
East Sarah, VT 96330",Y,hours
88,Darren James,832-23-6023,"00023 Thomas Crossroad Apt. 424
North Douglasfurt, TX 80839",N,miles
89,Mary Thomas,793-08-4557,"2543 Mary Shores Suite 726
Reyesland, MA 06647",N,miles
90,Harold Pacheco,360-61-5679,"617 Clark Mountains
Watsonborough, VT 68373",N,hours
91,Karen Smith,056-64-5733,"223 Fleming Freeway
West Kennethville, IL 04943",Y,hours
92,Melody Powell,228-83-6838,"PSC 3630, Box 6703
APO AP 93840",N,miles
93,Tammy Montgomery,838-30-1693,"8746 Jordan Ferry Suite 728
East Jermaine, NM 83168",N,miles
94,Misty Taylor,538-72-7089,"81497 Ortiz Well
West Philip, VT 99789",Y,miles
95,Robert Rice,516-16-2614,"0004 Grant Parkways
Mayston, AS 03111",N,miles
96,Kiara Chaney,305-07-9596,"3513 Arellano Bypass Apt. 856
North Jenniferhaven, MO 13407",Y,miles
97,Rachel Garza,307-59-4802,"9290 Alyssa Ville
Lake Jessicamouth, AK 24104",Y,hours
98,James Ingram,055-85-0838,"7806 Burnett Mission
North Connorside, RI 14236",N,hours
99,Susan Pitts,881-40-1561,"580 Oconnell Coves Apt. 740
West Don, CT 21749",Y,miles
100,William Rodriguez,076-14-0246,"979 Cole Brooks Suite 453
South Richard, IA 53739",Y,hours
101,Mary Hodges,066-67-2827,"076 Jones Extensions Suite 152
Kingfurt, PA 72516",Y,hours
102,Mr. Kevin Roberts,711-44-8487,"USNS Lucas
FPO AP 58304",N,hours
103,Christine Cooper,028-77-2205,"904 Goodwin Heights Apt. 799
Johnsonbury, KY 70510",N,hours
104,Luis Garcia,400-05-9164,"32574 Holden Divide
South Matthew, TX 73404",Y,hours
105,Lindsey Fletcher,355-88-5983,"306 Smith Villages Suite 884
Timothyburgh, DE 56605",Y,hours
106,Jeremy Gonzalez,799-82-9902,"4125 James Haven Apt. 049
New Claudia, AZ 94666",N,hours
107,Tina Parks,754-39-8140,"073 Marcus Lodge
North Cynthiaborough, NH 55672",Y,miles
108,Danielle Morgan,039-79-2553,"717 Ramirez Crescent Suite 481
Lake Amandaside, MD 28960",Y,hours
109,Rachel Anthony,240-85-0480,"257 Joseph Court
Powershaven, OR 99180",N,miles
